--
-- PostgreSQL database dump
--

\restrict Mceqq1UuhMXaQN7LhwfDIM4HAhvffectzuvj4T10RahMoR6CZpuFdtBJHBn9gFk

-- Dumped from database version 17.6 (Debian 17.6-2.pgdg13+1)
-- Dumped by pg_dump version 17.6 (Debian 17.6-2.pgdg13+1)

SET statement_timeout = 0;
SET lock_timeout = 0;
SET idle_in_transaction_session_timeout = 0;
SET transaction_timeout = 0;
SET client_encoding = 'UTF8';
SET standard_conforming_strings = on;
SELECT pg_catalog.set_config('search_path', '', false);
SET check_function_bodies = false;
SET xmloption = content;
SET client_min_messages = warning;
SET row_security = off;

SET default_tablespace = '';

SET default_table_access_method = heap;

--
-- Name: auth_group; Type: TABLE; Schema: public; Owner: postgres
--

CREATE TABLE public.auth_group (
    id integer NOT NULL,
    name character varying(150) NOT NULL
);


ALTER TABLE public.auth_group OWNER TO postgres;

--
-- Name: auth_group_id_seq; Type: SEQUENCE; Schema: public; Owner: postgres
--

ALTER TABLE public.auth_group ALTER COLUMN id ADD GENERATED BY DEFAULT AS IDENTITY (
    SEQUENCE NAME public.auth_group_id_seq
    START WITH 1
    INCREMENT BY 1
    NO MINVALUE
    NO MAXVALUE
    CACHE 1
);


--
-- Name: auth_group_permissions; Type: TABLE; Schema: public; Owner: postgres
--

CREATE TABLE public.auth_group_permissions (
    id bigint NOT NULL,
    group_id integer NOT NULL,
    permission_id integer NOT NULL
);


ALTER TABLE public.auth_group_permissions OWNER TO postgres;

--
-- Name: auth_group_permissions_id_seq; Type: SEQUENCE; Schema: public; Owner: postgres
--

ALTER TABLE public.auth_group_permissions ALTER COLUMN id ADD GENERATED BY DEFAULT AS IDENTITY (
    SEQUENCE NAME public.auth_group_permissions_id_seq
    START WITH 1
    INCREMENT BY 1
    NO MINVALUE
    NO MAXVALUE
    CACHE 1
);


--
-- Name: auth_permission; Type: TABLE; Schema: public; Owner: postgres
--

CREATE TABLE public.auth_permission (
    id integer NOT NULL,
    name character varying(255) NOT NULL,
    content_type_id integer NOT NULL,
    codename character varying(100) NOT NULL
);


ALTER TABLE public.auth_permission OWNER TO postgres;

--
-- Name: auth_permission_id_seq; Type: SEQUENCE; Schema: public; Owner: postgres
--

ALTER TABLE public.auth_permission ALTER COLUMN id ADD GENERATED BY DEFAULT AS IDENTITY (
    SEQUENCE NAME public.auth_permission_id_seq
    START WITH 1
    INCREMENT BY 1
    NO MINVALUE
    NO MAXVALUE
    CACHE 1
);


--
-- Name: django_admin_log; Type: TABLE; Schema: public; Owner: postgres
--

CREATE TABLE public.django_admin_log (
    id integer NOT NULL,
    action_time timestamp with time zone NOT NULL,
    object_id text,
    object_repr character varying(200) NOT NULL,
    action_flag smallint NOT NULL,
    change_message text NOT NULL,
    content_type_id integer,
    user_id bigint NOT NULL,
    CONSTRAINT django_admin_log_action_flag_check CHECK ((action_flag >= 0))
);


ALTER TABLE public.django_admin_log OWNER TO postgres;

--
-- Name: django_admin_log_id_seq; Type: SEQUENCE; Schema: public; Owner: postgres
--

ALTER TABLE public.django_admin_log ALTER COLUMN id ADD GENERATED BY DEFAULT AS IDENTITY (
    SEQUENCE NAME public.django_admin_log_id_seq
    START WITH 1
    INCREMENT BY 1
    NO MINVALUE
    NO MAXVALUE
    CACHE 1
);


--
-- Name: django_content_type; Type: TABLE; Schema: public; Owner: postgres
--

CREATE TABLE public.django_content_type (
    id integer NOT NULL,
    app_label character varying(100) NOT NULL,
    model character varying(100) NOT NULL
);


ALTER TABLE public.django_content_type OWNER TO postgres;

--
-- Name: django_content_type_id_seq; Type: SEQUENCE; Schema: public; Owner: postgres
--

ALTER TABLE public.django_content_type ALTER COLUMN id ADD GENERATED BY DEFAULT AS IDENTITY (
    SEQUENCE NAME public.django_content_type_id_seq
    START WITH 1
    INCREMENT BY 1
    NO MINVALUE
    NO MAXVALUE
    CACHE 1
);


--
-- Name: django_migrations; Type: TABLE; Schema: public; Owner: postgres
--

CREATE TABLE public.django_migrations (
    id bigint NOT NULL,
    app character varying(255) NOT NULL,
    name character varying(255) NOT NULL,
    applied timestamp with time zone NOT NULL
);


ALTER TABLE public.django_migrations OWNER TO postgres;

--
-- Name: django_migrations_id_seq; Type: SEQUENCE; Schema: public; Owner: postgres
--

ALTER TABLE public.django_migrations ALTER COLUMN id ADD GENERATED BY DEFAULT AS IDENTITY (
    SEQUENCE NAME public.django_migrations_id_seq
    START WITH 1
    INCREMENT BY 1
    NO MINVALUE
    NO MAXVALUE
    CACHE 1
);


--
-- Name: django_session; Type: TABLE; Schema: public; Owner: postgres
--

CREATE TABLE public.django_session (
    session_key character varying(40) NOT NULL,
    session_data text NOT NULL,
    expire_date timestamp with time zone NOT NULL
);


ALTER TABLE public.django_session OWNER TO postgres;

--
-- Name: permissions_businesselements; Type: TABLE; Schema: public; Owner: postgres
--

CREATE TABLE public.permissions_businesselements (
    id bigint NOT NULL,
    name character varying(150) NOT NULL,
    slug character varying(150) NOT NULL
);


ALTER TABLE public.permissions_businesselements OWNER TO postgres;

--
-- Name: permissions_businesselements_id_seq; Type: SEQUENCE; Schema: public; Owner: postgres
--

ALTER TABLE public.permissions_businesselements ALTER COLUMN id ADD GENERATED BY DEFAULT AS IDENTITY (
    SEQUENCE NAME public.permissions_businesselements_id_seq
    START WITH 1
    INCREMENT BY 1
    NO MINVALUE
    NO MAXVALUE
    CACHE 1
);


--
-- Name: permissions_permissions; Type: TABLE; Schema: public; Owner: postgres
--

CREATE TABLE public.permissions_permissions (
    id bigint NOT NULL,
    role character varying(7) NOT NULL,
    get_list_permission boolean NOT NULL,
    create_obj_permission boolean NOT NULL,
    get_obj_permission boolean NOT NULL,
    update_obj_permission boolean NOT NULL,
    partial_update_obj_permission boolean NOT NULL,
    delete_obj_permission boolean NOT NULL,
    owner_permission boolean NOT NULL,
    business_element_id bigint
);


ALTER TABLE public.permissions_permissions OWNER TO postgres;

--
-- Name: permissions_permissions_id_seq; Type: SEQUENCE; Schema: public; Owner: postgres
--

ALTER TABLE public.permissions_permissions ALTER COLUMN id ADD GENERATED BY DEFAULT AS IDENTITY (
    SEQUENCE NAME public.permissions_permissions_id_seq
    START WITH 1
    INCREMENT BY 1
    NO MINVALUE
    NO MAXVALUE
    CACHE 1
);


--
-- Name: token_blacklist_blacklistedtoken; Type: TABLE; Schema: public; Owner: postgres
--

CREATE TABLE public.token_blacklist_blacklistedtoken (
    id bigint NOT NULL,
    blacklisted_at timestamp with time zone NOT NULL,
    token_id bigint NOT NULL
);


ALTER TABLE public.token_blacklist_blacklistedtoken OWNER TO postgres;

--
-- Name: token_blacklist_blacklistedtoken_id_seq; Type: SEQUENCE; Schema: public; Owner: postgres
--

ALTER TABLE public.token_blacklist_blacklistedtoken ALTER COLUMN id ADD GENERATED BY DEFAULT AS IDENTITY (
    SEQUENCE NAME public.token_blacklist_blacklistedtoken_id_seq
    START WITH 1
    INCREMENT BY 1
    NO MINVALUE
    NO MAXVALUE
    CACHE 1
);


--
-- Name: token_blacklist_outstandingtoken; Type: TABLE; Schema: public; Owner: postgres
--

CREATE TABLE public.token_blacklist_outstandingtoken (
    id bigint NOT NULL,
    token text NOT NULL,
    created_at timestamp with time zone,
    expires_at timestamp with time zone NOT NULL,
    user_id bigint,
    jti character varying(255) NOT NULL
);


ALTER TABLE public.token_blacklist_outstandingtoken OWNER TO postgres;

--
-- Name: token_blacklist_outstandingtoken_id_seq; Type: SEQUENCE; Schema: public; Owner: postgres
--

ALTER TABLE public.token_blacklist_outstandingtoken ALTER COLUMN id ADD GENERATED BY DEFAULT AS IDENTITY (
    SEQUENCE NAME public.token_blacklist_outstandingtoken_id_seq
    START WITH 1
    INCREMENT BY 1
    NO MINVALUE
    NO MAXVALUE
    CACHE 1
);


--
-- Name: users_roles; Type: TABLE; Schema: public; Owner: postgres
--

CREATE TABLE public.users_roles (
    id bigint NOT NULL,
    role character varying(7) NOT NULL,
    user_id bigint NOT NULL
);


ALTER TABLE public.users_roles OWNER TO postgres;

--
-- Name: users_roles_id_seq; Type: SEQUENCE; Schema: public; Owner: postgres
--

ALTER TABLE public.users_roles ALTER COLUMN id ADD GENERATED BY DEFAULT AS IDENTITY (
    SEQUENCE NAME public.users_roles_id_seq
    START WITH 1
    INCREMENT BY 1
    NO MINVALUE
    NO MAXVALUE
    CACHE 1
);


--
-- Name: users_user; Type: TABLE; Schema: public; Owner: postgres
--

CREATE TABLE public.users_user (
    id bigint NOT NULL,
    is_superuser boolean NOT NULL,
    email character varying(254) NOT NULL,
    first_name character varying(150) NOT NULL,
    last_name character varying(150) NOT NULL,
    sur_name character varying(150) NOT NULL,
    password character varying(128) NOT NULL,
    last_login timestamp with time zone,
    is_staff boolean NOT NULL,
    is_active boolean NOT NULL,
    date_joined timestamp with time zone NOT NULL
);


ALTER TABLE public.users_user OWNER TO postgres;

--
-- Name: users_user_groups; Type: TABLE; Schema: public; Owner: postgres
--

CREATE TABLE public.users_user_groups (
    id bigint NOT NULL,
    user_id bigint NOT NULL,
    group_id integer NOT NULL
);


ALTER TABLE public.users_user_groups OWNER TO postgres;

--
-- Name: users_user_groups_id_seq; Type: SEQUENCE; Schema: public; Owner: postgres
--

ALTER TABLE public.users_user_groups ALTER COLUMN id ADD GENERATED BY DEFAULT AS IDENTITY (
    SEQUENCE NAME public.users_user_groups_id_seq
    START WITH 1
    INCREMENT BY 1
    NO MINVALUE
    NO MAXVALUE
    CACHE 1
);


--
-- Name: users_user_id_seq; Type: SEQUENCE; Schema: public; Owner: postgres
--

ALTER TABLE public.users_user ALTER COLUMN id ADD GENERATED BY DEFAULT AS IDENTITY (
    SEQUENCE NAME public.users_user_id_seq
    START WITH 1
    INCREMENT BY 1
    NO MINVALUE
    NO MAXVALUE
    CACHE 1
);


--
-- Name: users_user_user_permissions; Type: TABLE; Schema: public; Owner: postgres
--

CREATE TABLE public.users_user_user_permissions (
    id bigint NOT NULL,
    user_id bigint NOT NULL,
    permission_id integer NOT NULL
);


ALTER TABLE public.users_user_user_permissions OWNER TO postgres;

--
-- Name: users_user_user_permissions_id_seq; Type: SEQUENCE; Schema: public; Owner: postgres
--

ALTER TABLE public.users_user_user_permissions ALTER COLUMN id ADD GENERATED BY DEFAULT AS IDENTITY (
    SEQUENCE NAME public.users_user_user_permissions_id_seq
    START WITH 1
    INCREMENT BY 1
    NO MINVALUE
    NO MAXVALUE
    CACHE 1
);


--
-- Data for Name: auth_group; Type: TABLE DATA; Schema: public; Owner: postgres
--

COPY public.auth_group (id, name) FROM stdin;
\.


--
-- Data for Name: auth_group_permissions; Type: TABLE DATA; Schema: public; Owner: postgres
--

COPY public.auth_group_permissions (id, group_id, permission_id) FROM stdin;
\.


--
-- Data for Name: auth_permission; Type: TABLE DATA; Schema: public; Owner: postgres
--

COPY public.auth_permission (id, name, content_type_id, codename) FROM stdin;
1	Can add log entry	1	add_logentry
2	Can change log entry	1	change_logentry
3	Can delete log entry	1	delete_logentry
4	Can view log entry	1	view_logentry
5	Can add permission	2	add_permission
6	Can change permission	2	change_permission
7	Can delete permission	2	delete_permission
8	Can view permission	2	view_permission
9	Can add group	3	add_group
10	Can change group	3	change_group
11	Can delete group	3	delete_group
12	Can view group	3	view_group
13	Can add content type	4	add_contenttype
14	Can change content type	4	change_contenttype
15	Can delete content type	4	delete_contenttype
16	Can view content type	4	view_contenttype
17	Can add session	5	add_session
18	Can change session	5	change_session
19	Can delete session	5	delete_session
20	Can view session	5	view_session
21	Can add blacklisted token	6	add_blacklistedtoken
22	Can change blacklisted token	6	change_blacklistedtoken
23	Can delete blacklisted token	6	delete_blacklistedtoken
24	Can view blacklisted token	6	view_blacklistedtoken
25	Can add outstanding token	7	add_outstandingtoken
26	Can change outstanding token	7	change_outstandingtoken
27	Can delete outstanding token	7	delete_outstandingtoken
28	Can view outstanding token	7	view_outstandingtoken
29	Can add Приложение	8	add_businesselements
30	Can change Приложение	8	change_businesselements
31	Can delete Приложение	8	delete_businesselements
32	Can view Приложение	8	view_businesselements
33	Can add Разрешения	9	add_permissions
34	Can change Разрешения	9	change_permissions
35	Can delete Разрешения	9	delete_permissions
36	Can view Разрешения	9	view_permissions
37	Can add пользователь	10	add_user
38	Can change пользователь	10	change_user
39	Can delete пользователь	10	delete_user
40	Can view пользователь	10	view_user
41	Can add Роль в проекте	11	add_roles
42	Can change Роль в проекте	11	change_roles
43	Can delete Роль в проекте	11	delete_roles
44	Can view Роль в проекте	11	view_roles
\.


--
-- Data for Name: django_admin_log; Type: TABLE DATA; Schema: public; Owner: postgres
--

COPY public.django_admin_log (id, action_time, object_id, object_repr, action_flag, change_message, content_type_id, user_id) FROM stdin;
1	2025-11-17 14:32:31.465836+00	1	Пользователи	1	[{"added": {}}]	8	1
2	2025-11-17 14:32:54.669983+00	2	Права доступа	1	[{"added": {}}]	8	1
3	2025-11-17 14:33:10.847453+00	3	Мок	1	[{"added": {}}]	8	1
4	2025-11-17 14:33:59.396426+00	2	test_guest@mail.ru	1	[{"added": {}}]	10	1
5	2025-11-17 14:34:28.315932+00	3	test_user@mail.ru	1	[{"added": {}}]	10	1
6	2025-11-17 14:34:46.804844+00	4	test_manager@mail.ru	1	[{"added": {}}]	10	1
7	2025-11-17 14:35:19.345319+00	5	test_admin@mail.ru	1	[{"added": {}}]	10	1
8	2025-11-17 14:35:31.703412+00	3	Roles object (3)	2	[{"changed": {"fields": ["\\u0420\\u043e\\u043b\\u044c"]}}]	11	1
9	2025-11-17 14:35:37.015906+00	4	Roles object (4)	2	[{"changed": {"fields": ["\\u0420\\u043e\\u043b\\u044c"]}}]	11	1
10	2025-11-17 14:35:43.382914+00	5	Roles object (5)	2	[{"changed": {"fields": ["\\u0420\\u043e\\u043b\\u044c"]}}]	11	1
11	2025-11-17 14:37:54.725759+00	1	Permissions object (1)	1	[{"added": {}}]	9	1
12	2025-11-17 14:38:09.152391+00	2	Permissions object (2)	1	[{"added": {}}]	9	1
13	2025-11-17 14:38:28.996543+00	3	Permissions object (3)	1	[{"added": {}}]	9	1
14	2025-11-17 14:38:40.634878+00	4	Permissions object (4)	1	[{"added": {}}]	9	1
15	2025-11-17 14:39:01.55696+00	5	Permissions object (5)	1	[{"added": {}}]	9	1
16	2025-11-17 14:39:22.099985+00	6	Permissions object (6)	1	[{"added": {}}]	9	1
17	2025-11-17 14:40:48.642083+00	7	Permissions object (7)	1	[{"added": {}}]	9	1
18	2025-11-17 14:41:04.155425+00	8	Permissions object (8)	1	[{"added": {}}]	9	1
19	2025-11-17 14:41:13.86868+00	9	Permissions object (9)	1	[{"added": {}}]	9	1
20	2025-11-17 14:50:33.885965+00	1	Permissions object (1)	2	[]	9	1
21	2025-11-17 15:01:15.607584+00	1	Blacklisted token for vasyan@mail.ru	3		6	1
22	2025-11-17 15:01:37.017019+00	6	vasyan@mail.ru	3		10	1
23	2025-11-17 15:03:23.922394+00	5	Roles object (5)	3		11	1
24	2025-11-17 15:03:23.922421+00	2	Roles object (2)	3		11	1
25	2025-11-17 15:03:23.922432+00	4	Roles object (4)	3		11	1
26	2025-11-17 15:03:23.922441+00	3	Roles object (3)	3		11	1
27	2025-11-17 15:03:40.84306+00	5	test_admin@mail.ru	3		10	1
28	2025-11-17 15:03:40.84312+00	4	test_manager@mail.ru	3		10	1
29	2025-11-17 15:03:40.843144+00	3	test_user@mail.ru	3		10	1
30	2025-11-17 15:03:40.843166+00	2	test_guest@mail.ru	3		10	1
31	2025-11-17 15:05:26.648875+00	8	Roles object (8)	2	[{"changed": {"fields": ["\\u0420\\u043e\\u043b\\u044c"]}}]	11	1
32	2025-11-17 15:05:32.801759+00	10	Roles object (10)	2	[{"changed": {"fields": ["\\u0420\\u043e\\u043b\\u044c"]}}]	11	1
33	2025-11-17 15:05:32.804097+00	9	Roles object (9)	2	[{"changed": {"fields": ["\\u0420\\u043e\\u043b\\u044c"]}}]	11	1
\.


--
-- Data for Name: django_content_type; Type: TABLE DATA; Schema: public; Owner: postgres
--

COPY public.django_content_type (id, app_label, model) FROM stdin;
1	admin	logentry
2	auth	permission
3	auth	group
4	contenttypes	contenttype
5	sessions	session
6	token_blacklist	blacklistedtoken
7	token_blacklist	outstandingtoken
8	permissions	businesselements
9	permissions	permissions
10	users	user
11	users	roles
\.


--
-- Data for Name: django_migrations; Type: TABLE DATA; Schema: public; Owner: postgres
--

COPY public.django_migrations (id, app, name, applied) FROM stdin;
1	contenttypes	0001_initial	2025-11-17 14:30:55.742523+00
2	contenttypes	0002_remove_content_type_name	2025-11-17 14:30:55.748293+00
3	auth	0001_initial	2025-11-17 14:30:55.769982+00
4	auth	0002_alter_permission_name_max_length	2025-11-17 14:30:55.773804+00
5	auth	0003_alter_user_email_max_length	2025-11-17 14:30:55.777494+00
6	auth	0004_alter_user_username_opts	2025-11-17 14:30:55.782325+00
7	auth	0005_alter_user_last_login_null	2025-11-17 14:30:55.787007+00
8	auth	0006_require_contenttypes_0002	2025-11-17 14:30:55.789255+00
9	auth	0007_alter_validators_add_error_messages	2025-11-17 14:30:55.792792+00
10	auth	0008_alter_user_username_max_length	2025-11-17 14:30:55.796877+00
11	auth	0009_alter_user_last_name_max_length	2025-11-17 14:30:55.804113+00
12	auth	0010_alter_group_name_max_length	2025-11-17 14:30:55.8141+00
13	auth	0011_update_proxy_permissions	2025-11-17 14:30:55.821229+00
14	auth	0012_alter_user_first_name_max_length	2025-11-17 14:30:55.828293+00
15	users	0001_initial	2025-11-17 14:30:55.859898+00
16	admin	0001_initial	2025-11-17 14:30:55.872233+00
17	admin	0002_logentry_remove_auto_add	2025-11-17 14:30:55.877318+00
18	admin	0003_logentry_add_action_flag_choices	2025-11-17 14:30:55.883204+00
19	permissions	0001_initial	2025-11-17 14:30:55.893748+00
20	sessions	0001_initial	2025-11-17 14:30:55.901323+00
21	token_blacklist	0001_initial	2025-11-17 14:30:55.920925+00
22	token_blacklist	0002_outstandingtoken_jti_hex	2025-11-17 14:30:55.926724+00
23	token_blacklist	0003_auto_20171017_2007	2025-11-17 14:30:55.936425+00
24	token_blacklist	0004_auto_20171017_2013	2025-11-17 14:30:55.944983+00
25	token_blacklist	0005_remove_outstandingtoken_jti	2025-11-17 14:30:55.952529+00
26	token_blacklist	0006_auto_20171017_2113	2025-11-17 14:30:55.960003+00
27	token_blacklist	0007_auto_20171017_2214	2025-11-17 14:30:55.978314+00
28	token_blacklist	0008_migrate_to_bigautofield	2025-11-17 14:30:56.005455+00
29	token_blacklist	0010_fix_migrate_to_bigautofield	2025-11-17 14:30:56.016018+00
30	token_blacklist	0011_linearizes_history	2025-11-17 14:30:56.018849+00
31	token_blacklist	0012_alter_outstandingtoken_user	2025-11-17 14:30:56.024698+00
\.


--
-- Data for Name: django_session; Type: TABLE DATA; Schema: public; Owner: postgres
--

COPY public.django_session (session_key, session_data, expire_date) FROM stdin;
xafgx2aohnlqgsisrrwo105n4h7vu1nc	.eJxVjEEOwiAQRe_C2hCgQAeX7j0DGYZBqoYmpV0Z765NutDtf-_9l4i4rTVunZc4ZXEWWpx-t4T04LaDfMd2myXNbV2mJHdFHrTL65z5eTncv4OKvX7rYslhAPIwjAAme9YmFOs4FyJlGT04FRwZl7IqqRgfQKNCDCMXsIN4fwDp6Tgd:1vL0H8:JM0AfJDYJpx2-cZ1Do8SN_tqn2GHTvP3Bnr5k_QJjKU	2025-12-01 14:32:14.539498+00
\.


--
-- Data for Name: permissions_businesselements; Type: TABLE DATA; Schema: public; Owner: postgres
--

COPY public.permissions_businesselements (id, name, slug) FROM stdin;
1	Пользователи	users
2	Права доступа	permissions
3	Мок	mock
\.


--
-- Data for Name: permissions_permissions; Type: TABLE DATA; Schema: public; Owner: postgres
--

COPY public.permissions_permissions (id, role, get_list_permission, create_obj_permission, get_obj_permission, update_obj_permission, partial_update_obj_permission, delete_obj_permission, owner_permission, business_element_id) FROM stdin;
2	user	t	t	f	f	t	f	f	1
3	manager	t	t	t	t	t	f	f	1
4	admin	t	t	t	t	t	t	t	1
5	admin	t	t	t	t	t	t	t	2
6	guest	t	f	f	f	f	f	f	3
7	user	t	t	f	t	f	f	f	3
8	manager	t	t	t	t	t	f	f	3
9	admin	t	t	t	t	t	t	t	3
1	guest	t	t	f	f	t	f	f	1
\.


--
-- Data for Name: token_blacklist_blacklistedtoken; Type: TABLE DATA; Schema: public; Owner: postgres
--

COPY public.token_blacklist_blacklistedtoken (id, blacklisted_at, token_id) FROM stdin;
\.


--
-- Data for Name: token_blacklist_outstandingtoken; Type: TABLE DATA; Schema: public; Owner: postgres
--

COPY public.token_blacklist_outstandingtoken (id, token, created_at, expires_at, user_id, jti) FROM stdin;
1	eyJhbGciOiJIUzI1NiIsInR5cCI6IkpXVCJ9.eyJ0b2tlbl90eXBlIjoicmVmcmVzaCIsImV4cCI6MTc2MzQ3NzAzMywiaWF0IjoxNzYzMzkwNjMzLCJqdGkiOiIwMzhlNjlmYjVhMWU0NWFhYTg3ZTg3NDQ3ZDY1NWY5NSIsInVzZXJfaWQiOjZ9.4eKW4U-nybRxtcBrYNMlj1P_TPlc1p03Y3Gh19HJNzU	2025-11-17 14:43:53.020552+00	2025-11-18 14:43:53+00	\N	038e69fb5a1e45aaa87e87447d655f95
2	eyJhbGciOiJIUzI1NiIsInR5cCI6IkpXVCJ9.eyJ0b2tlbl90eXBlIjoicmVmcmVzaCIsImV4cCI6MTc2MzQ3ODM1MiwiaWF0IjoxNzYzMzkxOTUyLCJqdGkiOiIxODU0ODdlMzQ2ODM0Mjk5OWEzMTUyMmNmNzJlMjE1ZCIsInVzZXJfaWQiOjd9.fmTT-KZO9eN-3vVBEwCY8J6pZBQ6QHZaYC9Ob5IdMOo	2025-11-17 15:05:52.596792+00	2025-11-18 15:05:52+00	7	185487e3468342999a31522cf72e215d
3	eyJhbGciOiJIUzI1NiIsInR5cCI6IkpXVCJ9.eyJ0b2tlbl90eXBlIjoicmVmcmVzaCIsImV4cCI6MTc2MzQ3ODQ1MiwiaWF0IjoxNzYzMzkyMDUyLCJqdGkiOiIwZDFkYjliODNmNWI0MTYwYjBmYTk4ZTA3Y2I2MmE3OSIsInVzZXJfaWQiOjh9.RAkRucPsRHtBcIFBoRChsT-cr9Dy_-3rWx0d094LFYo	2025-11-17 15:07:32.089487+00	2025-11-18 15:07:32+00	8	0d1db9b83f5b4160b0fa98e07cb62a79
\.


--
-- Data for Name: users_roles; Type: TABLE DATA; Schema: public; Owner: postgres
--

COPY public.users_roles (id, role, user_id) FROM stdin;
1	guest	1
7	guest	7
8	user	8
10	admin	10
9	manager	9
\.


--
-- Data for Name: users_user; Type: TABLE DATA; Schema: public; Owner: postgres
--

COPY public.users_user (id, is_superuser, email, first_name, last_name, sur_name, password, last_login, is_staff, is_active, date_joined) FROM stdin;
1	t	superuser@mail.ru				pbkdf2_sha256$870000$X6zLDqO6X6n048PSLWLHor$SwQ4BCzeXuFMSSu8bUmQkrVZZZ6fZhB7cTWiVH88ywM=	2025-11-17 14:32:14.537248+00	t	t	2025-11-17 14:31:56.232563+00
7	f	test_guest@mail.ru	Guest			pbkdf2_sha256$870000$1kHxCqCOh7tKGPjYPfrGdQ$A/zY67Zj8WrAQVctR/dIOodO0vgc00B5SpgVvOIf06c=	\N	f	t	2025-11-17 15:04:32.710278+00
8	f	test_user@mail.ru	User			pbkdf2_sha256$870000$UHukQ01WWl6hsXerlbu8yw$gFq+S4Puh1UuU2ZAfBlCA2B6f2Y/TT0OB/ENUrBAPTs=	\N	f	t	2025-11-17 15:04:45.737757+00
9	f	test_manager@mail.ru	Manager			pbkdf2_sha256$870000$WOmCoRQn7awN9rZ9l0PEle$7MjsL9l7viyyf3wOWAJ8cYhQ26kmNRfLQaU5qMPeLzk=	\N	f	t	2025-11-17 15:04:57.32006+00
10	f	test_admin@mail.ru	Admin			pbkdf2_sha256$870000$kGD5xoqUKLSf0xwxaBK4G0$S7TgFCR1OYeDF+bmkJCuljMkJvTcI5a11VQqI+zvErg=	\N	f	t	2025-11-17 15:05:07.650826+00
\.


--
-- Data for Name: users_user_groups; Type: TABLE DATA; Schema: public; Owner: postgres
--

COPY public.users_user_groups (id, user_id, group_id) FROM stdin;
\.


--
-- Data for Name: users_user_user_permissions; Type: TABLE DATA; Schema: public; Owner: postgres
--

COPY public.users_user_user_permissions (id, user_id, permission_id) FROM stdin;
\.


--
-- Name: auth_group_id_seq; Type: SEQUENCE SET; Schema: public; Owner: postgres
--

SELECT pg_catalog.setval('public.auth_group_id_seq', 1, false);


--
-- Name: auth_group_permissions_id_seq; Type: SEQUENCE SET; Schema: public; Owner: postgres
--

SELECT pg_catalog.setval('public.auth_group_permissions_id_seq', 1, false);


--
-- Name: auth_permission_id_seq; Type: SEQUENCE SET; Schema: public; Owner: postgres
--

SELECT pg_catalog.setval('public.auth_permission_id_seq', 44, true);


--
-- Name: django_admin_log_id_seq; Type: SEQUENCE SET; Schema: public; Owner: postgres
--

SELECT pg_catalog.setval('public.django_admin_log_id_seq', 33, true);


--
-- Name: django_content_type_id_seq; Type: SEQUENCE SET; Schema: public; Owner: postgres
--

SELECT pg_catalog.setval('public.django_content_type_id_seq', 11, true);


--
-- Name: django_migrations_id_seq; Type: SEQUENCE SET; Schema: public; Owner: postgres
--

SELECT pg_catalog.setval('public.django_migrations_id_seq', 31, true);


--
-- Name: permissions_businesselements_id_seq; Type: SEQUENCE SET; Schema: public; Owner: postgres
--

SELECT pg_catalog.setval('public.permissions_businesselements_id_seq', 3, true);


--
-- Name: permissions_permissions_id_seq; Type: SEQUENCE SET; Schema: public; Owner: postgres
--

SELECT pg_catalog.setval('public.permissions_permissions_id_seq', 9, true);


--
-- Name: token_blacklist_blacklistedtoken_id_seq; Type: SEQUENCE SET; Schema: public; Owner: postgres
--

SELECT pg_catalog.setval('public.token_blacklist_blacklistedtoken_id_seq', 1, true);


--
-- Name: token_blacklist_outstandingtoken_id_seq; Type: SEQUENCE SET; Schema: public; Owner: postgres
--

SELECT pg_catalog.setval('public.token_blacklist_outstandingtoken_id_seq', 3, true);


--
-- Name: users_roles_id_seq; Type: SEQUENCE SET; Schema: public; Owner: postgres
--

SELECT pg_catalog.setval('public.users_roles_id_seq', 10, true);


--
-- Name: users_user_groups_id_seq; Type: SEQUENCE SET; Schema: public; Owner: postgres
--

SELECT pg_catalog.setval('public.users_user_groups_id_seq', 1, false);


--
-- Name: users_user_id_seq; Type: SEQUENCE SET; Schema: public; Owner: postgres
--

SELECT pg_catalog.setval('public.users_user_id_seq', 10, true);


--
-- Name: users_user_user_permissions_id_seq; Type: SEQUENCE SET; Schema: public; Owner: postgres
--

SELECT pg_catalog.setval('public.users_user_user_permissions_id_seq', 1, false);


--
-- Name: auth_group auth_group_name_key; Type: CONSTRAINT; Schema: public; Owner: postgres
--

ALTER TABLE ONLY public.auth_group
    ADD CONSTRAINT auth_group_name_key UNIQUE (name);


--
-- Name: auth_group_permissions auth_group_permissions_group_id_permission_id_0cd325b0_uniq; Type: CONSTRAINT; Schema: public; Owner: postgres
--

ALTER TABLE ONLY public.auth_group_permissions
    ADD CONSTRAINT auth_group_permissions_group_id_permission_id_0cd325b0_uniq UNIQUE (group_id, permission_id);


--
-- Name: auth_group_permissions auth_group_permissions_pkey; Type: CONSTRAINT; Schema: public; Owner: postgres
--

ALTER TABLE ONLY public.auth_group_permissions
    ADD CONSTRAINT auth_group_permissions_pkey PRIMARY KEY (id);


--
-- Name: auth_group auth_group_pkey; Type: CONSTRAINT; Schema: public; Owner: postgres
--

ALTER TABLE ONLY public.auth_group
    ADD CONSTRAINT auth_group_pkey PRIMARY KEY (id);


--
-- Name: auth_permission auth_permission_content_type_id_codename_01ab375a_uniq; Type: CONSTRAINT; Schema: public; Owner: postgres
--

ALTER TABLE ONLY public.auth_permission
    ADD CONSTRAINT auth_permission_content_type_id_codename_01ab375a_uniq UNIQUE (content_type_id, codename);


--
-- Name: auth_permission auth_permission_pkey; Type: CONSTRAINT; Schema: public; Owner: postgres
--

ALTER TABLE ONLY public.auth_permission
    ADD CONSTRAINT auth_permission_pkey PRIMARY KEY (id);


--
-- Name: django_admin_log django_admin_log_pkey; Type: CONSTRAINT; Schema: public; Owner: postgres
--

ALTER TABLE ONLY public.django_admin_log
    ADD CONSTRAINT django_admin_log_pkey PRIMARY KEY (id);


--
-- Name: django_content_type django_content_type_app_label_model_76bd3d3b_uniq; Type: CONSTRAINT; Schema: public; Owner: postgres
--

ALTER TABLE ONLY public.django_content_type
    ADD CONSTRAINT django_content_type_app_label_model_76bd3d3b_uniq UNIQUE (app_label, model);


--
-- Name: django_content_type django_content_type_pkey; Type: CONSTRAINT; Schema: public; Owner: postgres
--

ALTER TABLE ONLY public.django_content_type
    ADD CONSTRAINT django_content_type_pkey PRIMARY KEY (id);


--
-- Name: django_migrations django_migrations_pkey; Type: CONSTRAINT; Schema: public; Owner: postgres
--

ALTER TABLE ONLY public.django_migrations
    ADD CONSTRAINT django_migrations_pkey PRIMARY KEY (id);


--
-- Name: django_session django_session_pkey; Type: CONSTRAINT; Schema: public; Owner: postgres
--

ALTER TABLE ONLY public.django_session
    ADD CONSTRAINT django_session_pkey PRIMARY KEY (session_key);


--
-- Name: permissions_businesselements permissions_businesselements_pkey; Type: CONSTRAINT; Schema: public; Owner: postgres
--

ALTER TABLE ONLY public.permissions_businesselements
    ADD CONSTRAINT permissions_businesselements_pkey PRIMARY KEY (id);


--
-- Name: permissions_businesselements permissions_businesselements_slug_key; Type: CONSTRAINT; Schema: public; Owner: postgres
--

ALTER TABLE ONLY public.permissions_businesselements
    ADD CONSTRAINT permissions_businesselements_slug_key UNIQUE (slug);


--
-- Name: permissions_permissions permissions_permissions_pkey; Type: CONSTRAINT; Schema: public; Owner: postgres
--

ALTER TABLE ONLY public.permissions_permissions
    ADD CONSTRAINT permissions_permissions_pkey PRIMARY KEY (id);


--
-- Name: token_blacklist_blacklistedtoken token_blacklist_blacklistedtoken_pkey; Type: CONSTRAINT; Schema: public; Owner: postgres
--

ALTER TABLE ONLY public.token_blacklist_blacklistedtoken
    ADD CONSTRAINT token_blacklist_blacklistedtoken_pkey PRIMARY KEY (id);


--
-- Name: token_blacklist_blacklistedtoken token_blacklist_blacklistedtoken_token_id_key; Type: CONSTRAINT; Schema: public; Owner: postgres
--

ALTER TABLE ONLY public.token_blacklist_blacklistedtoken
    ADD CONSTRAINT token_blacklist_blacklistedtoken_token_id_key UNIQUE (token_id);


--
-- Name: token_blacklist_outstandingtoken token_blacklist_outstandingtoken_jti_hex_d9bdf6f7_uniq; Type: CONSTRAINT; Schema: public; Owner: postgres
--

ALTER TABLE ONLY public.token_blacklist_outstandingtoken
    ADD CONSTRAINT token_blacklist_outstandingtoken_jti_hex_d9bdf6f7_uniq UNIQUE (jti);


--
-- Name: token_blacklist_outstandingtoken token_blacklist_outstandingtoken_pkey; Type: CONSTRAINT; Schema: public; Owner: postgres
--

ALTER TABLE ONLY public.token_blacklist_outstandingtoken
    ADD CONSTRAINT token_blacklist_outstandingtoken_pkey PRIMARY KEY (id);


--
-- Name: users_roles users_roles_pkey; Type: CONSTRAINT; Schema: public; Owner: postgres
--

ALTER TABLE ONLY public.users_roles
    ADD CONSTRAINT users_roles_pkey PRIMARY KEY (id);


--
-- Name: users_user users_user_email_key; Type: CONSTRAINT; Schema: public; Owner: postgres
--

ALTER TABLE ONLY public.users_user
    ADD CONSTRAINT users_user_email_key UNIQUE (email);


--
-- Name: users_user_groups users_user_groups_pkey; Type: CONSTRAINT; Schema: public; Owner: postgres
--

ALTER TABLE ONLY public.users_user_groups
    ADD CONSTRAINT users_user_groups_pkey PRIMARY KEY (id);


--
-- Name: users_user_groups users_user_groups_user_id_group_id_b88eab82_uniq; Type: CONSTRAINT; Schema: public; Owner: postgres
--

ALTER TABLE ONLY public.users_user_groups
    ADD CONSTRAINT users_user_groups_user_id_group_id_b88eab82_uniq UNIQUE (user_id, group_id);


--
-- Name: users_user users_user_pkey; Type: CONSTRAINT; Schema: public; Owner: postgres
--

ALTER TABLE ONLY public.users_user
    ADD CONSTRAINT users_user_pkey PRIMARY KEY (id);


--
-- Name: users_user_user_permissions users_user_user_permissions_pkey; Type: CONSTRAINT; Schema: public; Owner: postgres
--

ALTER TABLE ONLY public.users_user_user_permissions
    ADD CONSTRAINT users_user_user_permissions_pkey PRIMARY KEY (id);


--
-- Name: users_user_user_permissions users_user_user_permissions_user_id_permission_id_43338c45_uniq; Type: CONSTRAINT; Schema: public; Owner: postgres
--

ALTER TABLE ONLY public.users_user_user_permissions
    ADD CONSTRAINT users_user_user_permissions_user_id_permission_id_43338c45_uniq UNIQUE (user_id, permission_id);


--
-- Name: permissions_permissions Права для приложения с такой ролью; Type: CONSTRAINT; Schema: public; Owner: postgres
--

ALTER TABLE ONLY public.permissions_permissions
    ADD CONSTRAINT "Права для приложения с такой ролью" UNIQUE (business_element_id, role);


--
-- Name: users_roles Такая роль у пользователя уже суще; Type: CONSTRAINT; Schema: public; Owner: postgres
--

ALTER TABLE ONLY public.users_roles
    ADD CONSTRAINT "Такая роль у пользователя уже суще" UNIQUE (user_id, role);


--
-- Name: auth_group_name_a6ea08ec_like; Type: INDEX; Schema: public; Owner: postgres
--

CREATE INDEX auth_group_name_a6ea08ec_like ON public.auth_group USING btree (name varchar_pattern_ops);


--
-- Name: auth_group_permissions_group_id_b120cbf9; Type: INDEX; Schema: public; Owner: postgres
--

CREATE INDEX auth_group_permissions_group_id_b120cbf9 ON public.auth_group_permissions USING btree (group_id);


--
-- Name: auth_group_permissions_permission_id_84c5c92e; Type: INDEX; Schema: public; Owner: postgres
--

CREATE INDEX auth_group_permissions_permission_id_84c5c92e ON public.auth_group_permissions USING btree (permission_id);


--
-- Name: auth_permission_content_type_id_2f476e4b; Type: INDEX; Schema: public; Owner: postgres
--

CREATE INDEX auth_permission_content_type_id_2f476e4b ON public.auth_permission USING btree (content_type_id);


--
-- Name: django_admin_log_content_type_id_c4bce8eb; Type: INDEX; Schema: public; Owner: postgres
--

CREATE INDEX django_admin_log_content_type_id_c4bce8eb ON public.django_admin_log USING btree (content_type_id);


--
-- Name: django_admin_log_user_id_c564eba6; Type: INDEX; Schema: public; Owner: postgres
--

CREATE INDEX django_admin_log_user_id_c564eba6 ON public.django_admin_log USING btree (user_id);


--
-- Name: django_session_expire_date_a5c62663; Type: INDEX; Schema: public; Owner: postgres
--

CREATE INDEX django_session_expire_date_a5c62663 ON public.django_session USING btree (expire_date);


--
-- Name: django_session_session_key_c0390e0f_like; Type: INDEX; Schema: public; Owner: postgres
--

CREATE INDEX django_session_session_key_c0390e0f_like ON public.django_session USING btree (session_key varchar_pattern_ops);


--
-- Name: permissions_businesselements_slug_dc902fff_like; Type: INDEX; Schema: public; Owner: postgres
--

CREATE INDEX permissions_businesselements_slug_dc902fff_like ON public.permissions_businesselements USING btree (slug varchar_pattern_ops);


--
-- Name: permissions_permissions_business_element_id_9da17474; Type: INDEX; Schema: public; Owner: postgres
--

CREATE INDEX permissions_permissions_business_element_id_9da17474 ON public.permissions_permissions USING btree (business_element_id);


--
-- Name: token_blacklist_outstandingtoken_jti_hex_d9bdf6f7_like; Type: INDEX; Schema: public; Owner: postgres
--

CREATE INDEX token_blacklist_outstandingtoken_jti_hex_d9bdf6f7_like ON public.token_blacklist_outstandingtoken USING btree (jti varchar_pattern_ops);


--
-- Name: token_blacklist_outstandingtoken_user_id_83bc629a; Type: INDEX; Schema: public; Owner: postgres
--

CREATE INDEX token_blacklist_outstandingtoken_user_id_83bc629a ON public.token_blacklist_outstandingtoken USING btree (user_id);


--
-- Name: users_roles_user_id_a7500f73; Type: INDEX; Schema: public; Owner: postgres
--

CREATE INDEX users_roles_user_id_a7500f73 ON public.users_roles USING btree (user_id);


--
-- Name: users_user_email_243f6e77_like; Type: INDEX; Schema: public; Owner: postgres
--

CREATE INDEX users_user_email_243f6e77_like ON public.users_user USING btree (email varchar_pattern_ops);


--
-- Name: users_user_groups_group_id_9afc8d0e; Type: INDEX; Schema: public; Owner: postgres
--

CREATE INDEX users_user_groups_group_id_9afc8d0e ON public.users_user_groups USING btree (group_id);


--
-- Name: users_user_groups_user_id_5f6f5a90; Type: INDEX; Schema: public; Owner: postgres
--

CREATE INDEX users_user_groups_user_id_5f6f5a90 ON public.users_user_groups USING btree (user_id);


--
-- Name: users_user_user_permissions_permission_id_0b93982e; Type: INDEX; Schema: public; Owner: postgres
--

CREATE INDEX users_user_user_permissions_permission_id_0b93982e ON public.users_user_user_permissions USING btree (permission_id);


--
-- Name: users_user_user_permissions_user_id_20aca447; Type: INDEX; Schema: public; Owner: postgres
--

CREATE INDEX users_user_user_permissions_user_id_20aca447 ON public.users_user_user_permissions USING btree (user_id);


--
-- Name: auth_group_permissions auth_group_permissio_permission_id_84c5c92e_fk_auth_perm; Type: FK CONSTRAINT; Schema: public; Owner: postgres
--

ALTER TABLE ONLY public.auth_group_permissions
    ADD CONSTRAINT auth_group_permissio_permission_id_84c5c92e_fk_auth_perm FOREIGN KEY (permission_id) REFERENCES public.auth_permission(id) DEFERRABLE INITIALLY DEFERRED;


--
-- Name: auth_group_permissions auth_group_permissions_group_id_b120cbf9_fk_auth_group_id; Type: FK CONSTRAINT; Schema: public; Owner: postgres
--

ALTER TABLE ONLY public.auth_group_permissions
    ADD CONSTRAINT auth_group_permissions_group_id_b120cbf9_fk_auth_group_id FOREIGN KEY (group_id) REFERENCES public.auth_group(id) DEFERRABLE INITIALLY DEFERRED;


--
-- Name: auth_permission auth_permission_content_type_id_2f476e4b_fk_django_co; Type: FK CONSTRAINT; Schema: public; Owner: postgres
--

ALTER TABLE ONLY public.auth_permission
    ADD CONSTRAINT auth_permission_content_type_id_2f476e4b_fk_django_co FOREIGN KEY (content_type_id) REFERENCES public.django_content_type(id) DEFERRABLE INITIALLY DEFERRED;


--
-- Name: django_admin_log django_admin_log_content_type_id_c4bce8eb_fk_django_co; Type: FK CONSTRAINT; Schema: public; Owner: postgres
--

ALTER TABLE ONLY public.django_admin_log
    ADD CONSTRAINT django_admin_log_content_type_id_c4bce8eb_fk_django_co FOREIGN KEY (content_type_id) REFERENCES public.django_content_type(id) DEFERRABLE INITIALLY DEFERRED;


--
-- Name: django_admin_log django_admin_log_user_id_c564eba6_fk_users_user_id; Type: FK CONSTRAINT; Schema: public; Owner: postgres
--

ALTER TABLE ONLY public.django_admin_log
    ADD CONSTRAINT django_admin_log_user_id_c564eba6_fk_users_user_id FOREIGN KEY (user_id) REFERENCES public.users_user(id) DEFERRABLE INITIALLY DEFERRED;


--
-- Name: permissions_permissions permissions_permissi_business_element_id_9da17474_fk_permissio; Type: FK CONSTRAINT; Schema: public; Owner: postgres
--

ALTER TABLE ONLY public.permissions_permissions
    ADD CONSTRAINT permissions_permissi_business_element_id_9da17474_fk_permissio FOREIGN KEY (business_element_id) REFERENCES public.permissions_businesselements(id) DEFERRABLE INITIALLY DEFERRED;


--
-- Name: token_blacklist_blacklistedtoken token_blacklist_blacklistedtoken_token_id_3cc7fe56_fk; Type: FK CONSTRAINT; Schema: public; Owner: postgres
--

ALTER TABLE ONLY public.token_blacklist_blacklistedtoken
    ADD CONSTRAINT token_blacklist_blacklistedtoken_token_id_3cc7fe56_fk FOREIGN KEY (token_id) REFERENCES public.token_blacklist_outstandingtoken(id) DEFERRABLE INITIALLY DEFERRED;


--
-- Name: token_blacklist_outstandingtoken token_blacklist_outs_user_id_83bc629a_fk_users_use; Type: FK CONSTRAINT; Schema: public; Owner: postgres
--

ALTER TABLE ONLY public.token_blacklist_outstandingtoken
    ADD CONSTRAINT token_blacklist_outs_user_id_83bc629a_fk_users_use FOREIGN KEY (user_id) REFERENCES public.users_user(id) DEFERRABLE INITIALLY DEFERRED;


--
-- Name: users_roles users_roles_user_id_a7500f73_fk_users_user_id; Type: FK CONSTRAINT; Schema: public; Owner: postgres
--

ALTER TABLE ONLY public.users_roles
    ADD CONSTRAINT users_roles_user_id_a7500f73_fk_users_user_id FOREIGN KEY (user_id) REFERENCES public.users_user(id) DEFERRABLE INITIALLY DEFERRED;


--
-- Name: users_user_groups users_user_groups_group_id_9afc8d0e_fk_auth_group_id; Type: FK CONSTRAINT; Schema: public; Owner: postgres
--

ALTER TABLE ONLY public.users_user_groups
    ADD CONSTRAINT users_user_groups_group_id_9afc8d0e_fk_auth_group_id FOREIGN KEY (group_id) REFERENCES public.auth_group(id) DEFERRABLE INITIALLY DEFERRED;


--
-- Name: users_user_groups users_user_groups_user_id_5f6f5a90_fk_users_user_id; Type: FK CONSTRAINT; Schema: public; Owner: postgres
--

ALTER TABLE ONLY public.users_user_groups
    ADD CONSTRAINT users_user_groups_user_id_5f6f5a90_fk_users_user_id FOREIGN KEY (user_id) REFERENCES public.users_user(id) DEFERRABLE INITIALLY DEFERRED;


--
-- Name: users_user_user_permissions users_user_user_perm_permission_id_0b93982e_fk_auth_perm; Type: FK CONSTRAINT; Schema: public; Owner: postgres
--

ALTER TABLE ONLY public.users_user_user_permissions
    ADD CONSTRAINT users_user_user_perm_permission_id_0b93982e_fk_auth_perm FOREIGN KEY (permission_id) REFERENCES public.auth_permission(id) DEFERRABLE INITIALLY DEFERRED;


--
-- Name: users_user_user_permissions users_user_user_permissions_user_id_20aca447_fk_users_user_id; Type: FK CONSTRAINT; Schema: public; Owner: postgres
--

ALTER TABLE ONLY public.users_user_user_permissions
    ADD CONSTRAINT users_user_user_permissions_user_id_20aca447_fk_users_user_id FOREIGN KEY (user_id) REFERENCES public.users_user(id) DEFERRABLE INITIALLY DEFERRED;


--
-- PostgreSQL database dump complete
--

\unrestrict Mceqq1UuhMXaQN7LhwfDIM4HAhvffectzuvj4T10RahMoR6CZpuFdtBJHBn9gFk

